[{"model": "contenttypes.contenttype", "pk": 1, "fields": {"app_label": "admin", "model": "logentry"}}, {"model": "contenttypes.contenttype", "pk": 2, "fields": {"app_label": "auth", "model": "permission"}}, {"model": "contenttypes.contenttype", "pk": 3, "fields": {"app_label": "auth", "model": "group"}}, {"model": "contenttypes.contenttype", "pk": 4, "fields": {"app_label": "auth", "model": "user"}}, {"model": "contenttypes.contenttype", "pk": 5, "fields": {"app_label": "contenttypes", "model": "contenttype"}}, {"model": "contenttypes.contenttype", "pk": 6, "fields": {"app_label": "sessions", "model": "session"}}, {"model": "contenttypes.contenttype", "pk": 7, "fields": {"app_label": "mainapp", "model": "benefits"}}, {"model": "contenttypes.contenttype", "pk": 8, "fields": {"app_label": "mainapp", "model": "brands"}}, {"model": "contenttypes.contenttype", "pk": 9, "fields": {"app_label": "mainapp", "model": "contacts"}}, {"model": "contenttypes.contenttype", "pk": 10, "fields": {"app_label": "mainapp", "model": "news"}}, {"model": "contenttypes.contenttype", "pk": 11, "fields": {"app_label": "mainapp", "model": "productscategory"}}, {"model": "contenttypes.contenttype", "pk": 12, "fields": {"app_label": "mainapp", "model": "promoslider"}}, {"model": "contenttypes.contenttype", "pk": 13, "fields": {"app_label": "mainapp", "model": "products"}}, {"model": "sessions.session", "pk": "s36jdx54rhckerwgrgu545ubqa7oaqcp", "fields": {"session_data": "YTM1ZDIyODg1ZmEzMjNhMzkwZWZlMzZkMjk5ODVmOWE5NDU4NjY2ZDp7Il9hdXRoX3VzZXJfaWQiOiIxIiwiX2F1dGhfdXNlcl9iYWNrZW5kIjoiZGphbmdvLmNvbnRyaWIuYXV0aC5iYWNrZW5kcy5Nb2RlbEJhY2tlbmQiLCJfYXV0aF91c2VyX2hhc2giOiIxZWRhNDZmOGQ5NmE5MjEzNDhlNDExNmY3ZWYxZjA4ZTEzYmM5NDU4In0=", "expire_date": "2021-08-03T20:57:41.589Z"}}, {"model": "mainapp.productscategory", "pk": 1, "fields": {"name": "\u0421\u043a\u0438\u0434\u043a\u0438", "desc_category": "", "is_active": true, "created_at": "2021-07-21T20:09:49.380Z", "updated_at": "2021-07-21T20:09:49.380Z"}}, {"model": "mainapp.productscategory", "pk": 2, "fields": {"name": "\u0421\u043c\u0430\u0440\u0442\u0444\u043e\u043d\u044b", "desc_category": "", "is_active": true, "created_at": "2021-07-21T20:10:05.211Z", "updated_at": "2021-07-21T20:10:05.212Z"}}, {"model": "mainapp.productscategory", "pk": 3, "fields": {"name": "\u0422\u0435\u043b\u0435\u0432\u0438\u0437\u043e\u0440\u044b", "desc_category": "", "is_active": true, "created_at": "2021-07-21T20:10:19.143Z", "updated_at": "2021-07-21T20:10:19.143Z"}}, {"model": "mainapp.productscategory", "pk": 4, "fields": {"name": "\u041d\u043e\u0443\u0442\u0431\u0443\u043a\u0438", "desc_category": "", "is_active": true, "created_at": "2021-07-21T20:10:34.277Z", "updated_at": "2021-07-21T20:10:34.278Z"}}, {"model": "mainapp.productscategory", "pk": 5, "fields": {"name": "\u0421\u0442\u0438\u0440\u0430\u043b\u044c\u043d\u044b\u0435 \u043c\u0430\u0448\u0438\u043d\u044b", "desc_category": "", "is_active": true, "created_at": "2021-07-21T20:10:49.203Z", "updated_at": "2021-07-21T20:10:49.203Z"}}, {"model": "mainapp.productscategory", "pk": 6, "fields": {"name": "\u0425\u043e\u043b\u043e\u0434\u0438\u043b\u044c\u043d\u0438\u043a\u0438", "desc_category": "", "is_active": true, "created_at": "2021-07-21T20:11:01.093Z", "updated_at": "2021-07-21T20:11:01.093Z"}}, {"model": "mainapp.productscategory", "pk": 7, "fields": {"name": "\u041f\u044b\u043b\u0435\u0441\u043e\u0441\u044b", "desc_category": "", "is_active": true, "created_at": "2021-07-21T20:11:11.279Z", "updated_at": "2021-07-21T20:11:11.279Z"}}, {"model": "mainapp.productscategory", "pk": 8, "fields": {"name": "\u041c\u0438\u043a\u0440\u043e\u0432\u043e\u043b\u043d\u043e\u0432\u043a\u0438", "desc_category": "", "is_active": true, "created_at": "2021-07-21T20:11:20.650Z", "updated_at": "2021-07-21T20:11:20.650Z"}}, {"model": "mainapp.brands", "pk": 1, "fields": {"name": "HUNDAI", "desc_brands": "", "image": "", "is_active": true, "created_at": "2021-07-20T21:03:23.047Z", "updated_at": "2021-07-20T22:04:05.687Z"}}, {"model": "mainapp.brands", "pk": 2, "fields": {"name": "SAMSUNG", "desc_brands": "", "image": "brands_images/samsung-logo.png", "is_active": true, "created_at": "2021-07-20T22:04:14.638Z", "updated_at": "2021-07-20T22:14:31.743Z"}}, {"model": "mainapp.brands", "pk": 3, "fields": {"name": "ORAL-B", "desc_brands": "", "image": "brands_images/oral-b-logo.png", "is_active": true, "created_at": "2021-07-20T22:17:53.631Z", "updated_at": "2021-07-20T22:17:53.631Z"}}, {"model": "mainapp.brands", "pk": 4, "fields": {"name": "LG", "desc_brands": "", "image": "brands_images/lg-logo.png", "is_active": true, "created_at": "2021-07-20T22:18:06.653Z", "updated_at": "2021-07-20T22:18:06.653Z"}}, {"model": "mainapp.brands", "pk": 5, "fields": {"name": "APPLE", "desc_brands": "", "image": "brands_images/apple-logo.png", "is_active": true, "created_at": "2021-07-20T22:18:18.657Z", "updated_at": "2021-07-20T22:18:18.657Z"}}, {"model": "mainapp.brands", "pk": 6, "fields": {"name": "APC", "desc_brands": "", "image": "brands_images/apc-logo.png", "is_active": true, "created_at": "2021-07-20T22:18:24.029Z", "updated_at": "2021-07-20T22:18:24.029Z"}}, {"model": "mainapp.brands", "pk": 7, "fields": {"name": "XIAOMI", "desc_brands": "", "image": "brands_images/xiaomi-logo.png", "is_active": true, "created_at": "2021-07-20T22:18:32.609Z", "updated_at": "2021-07-20T22:18:32.609Z"}}, {"model": "mainapp.brands", "pk": 8, "fields": {"name": "LG OLED", "desc_brands": "", "image": "brands_images/lg-oled-logo.png", "is_active": true, "created_at": "2021-07-20T22:18:41.009Z", "updated_at": "2021-07-20T22:18:41.009Z"}}, {"model": "mainapp.brands", "pk": 9, "fields": {"name": "DIGMA", "desc_brands": "", "image": "brands_images/digma-logo.png", "is_active": true, "created_at": "2021-07-20T22:18:48.795Z", "updated_at": "2021-07-20T22:18:48.795Z"}}, {"model": "mainapp.products", "pk": 1, "fields": {"category": 8, "brands": 1, "name": "\u041c\u0443\u043b\u044c\u0442\u0438\u0432\u0430\u0440\u043a\u0430 Redmond", "image": "product_images/redmond-multi.jpg", "price": "5533.00", "old_price": "6990.00", "screen": "0.00", "sim": 0, "storage": 0, "color": "", "quantity": 10, "is_stock": true, "is_active": true, "is_new": true, "created_at": "2021-07-21T20:15:46.520Z", "updated_at": "2021-07-21T20:20:53.889Z"}}, {"model": "mainapp.products", "pk": 2, "fields": {"category": 2, "brands": 1, "name": "\u0421\u043c\u0430\u0440\u0442\u0444\u043e\u043d Huawei Mate 40 Pro Mystic", "image": "product_images/huawei-mate.jpg", "price": "5533.00", "old_price": "6990.00", "screen": "0.00", "sim": 0, "storage": 0, "color": "Silver", "quantity": 20, "is_stock": true, "is_active": true, "is_new": true, "created_at": "2021-07-21T20:17:40.512Z", "updated_at": "2021-07-21T21:41:30.946Z"}}, {"model": "mainapp.products", "pk": 3, "fields": {"category": 8, "brands": 7, "name": "\u042d\u043b\u0435\u043a\u0442\u0440\u043e\u0447\u0430\u0439\u043d\u0438\u043a Moulinex", "image": "product_images/moulinex-teapot.jpg", "price": "1990.00", "old_price": "3990.00", "screen": "0.00", "sim": 0, "storage": 0, "color": "", "quantity": 0, "is_stock": true, "is_active": true, "is_new": true, "created_at": "2021-07-21T20:18:58.348Z", "updated_at": "2021-07-21T20:18:58.348Z"}}, {"model": "mainapp.products", "pk": 4, "fields": {"category": 7, "brands": 1, "name": "\u041f\u044b\u043b\u0435\u0441\u043e\u0441 \u0441 \u043a\u043e\u043d\u0442\u0435\u0439\u043d\u0435\u0440\u043e\u043c \u0434\u043b\u044f \u043f\u044b\u043b\u0438 Tefal City Space", "image": "product_images/tefal-vacuum-cleaner.jpg", "price": "14990.00", "old_price": "16990.00", "screen": "0.00", "sim": 0, "storage": 0, "color": "", "quantity": 30, "is_stock": true, "is_active": true, "is_new": true, "created_at": "2021-07-21T20:20:13.715Z", "updated_at": "2021-07-21T20:20:58.621Z"}}, {"model": "mainapp.products", "pk": 5, "fields": {"category": 2, "brands": 2, "name": "\u0421\u043c\u0430\u0440\u0442\u0444\u043e\u043d Samsung Galaxy S21", "image": "product_images/smart1.jpg", "price": "54440.00", "old_price": "0.00", "screen": "6.00", "sim": 2, "storage": 128, "color": "Phantom Violet", "quantity": 10, "is_stock": false, "is_active": true, "is_new": false, "created_at": "2021-07-21T20:23:59.973Z", "updated_at": "2021-07-21T21:41:24.647Z"}}, {"model": "mainapp.products", "pk": 6, "fields": {"category": 2, "brands": 5, "name": "\u0421\u043c\u0430\u0440\u0442\u0444\u043e\u043d Apple iPhone 11 128GB White", "image": "product_images/smart2.jpg", "price": "59990.00", "old_price": "62990.00", "screen": "6.00", "sim": 1, "storage": 128, "color": "White", "quantity": 5, "is_stock": true, "is_active": true, "is_new": false, "created_at": "2021-07-21T20:25:57.408Z", "updated_at": "2021-07-21T21:41:10.688Z"}}, {"model": "mainapp.products", "pk": 7, "fields": {"category": 2, "brands": 2, "name": "\u0421\u043c\u0430\u0440\u0442\u0444\u043e\u043d Samsung Galaxy A52 128GB", "image": "product_images/smart3.jpg", "price": "26790.00", "old_price": "32990.00", "screen": "8.00", "sim": 2, "storage": 128, "color": "Awesome Black", "quantity": 0, "is_stock": true, "is_active": true, "is_new": false, "created_at": "2021-07-21T20:29:23.891Z", "updated_at": "2021-07-21T21:41:01.565Z"}}, {"model": "mainapp.products", "pk": 8, "fields": {"category": 2, "brands": 2, "name": "\u0421\u043c\u0430\u0440\u0442\u0444\u043e\u043d Samsung Galaxy S21", "image": "product_images/smart4.jpg", "price": "61990.00", "old_price": "65990.00", "screen": "7.00", "sim": 2, "storage": 128, "color": "Phantom Gray", "quantity": 5, "is_stock": true, "is_active": true, "is_new": false, "created_at": "2021-07-21T20:35:26.577Z", "updated_at": "2021-07-21T21:40:51.961Z"}}, {"model": "mainapp.products", "pk": 9, "fields": {"category": 2, "brands": 1, "name": "\u0421\u043c\u0430\u0440\u0442\u0444\u043e\u043d Huawei Mate 40 Pro (NOH-NX9)", "image": "product_images/smart5.jpg", "price": "36990.00", "old_price": "0.00", "screen": "6.00", "sim": 2, "storage": 64, "color": "Mystic Silver", "quantity": 0, "is_stock": false, "is_active": true, "is_new": false, "created_at": "2021-07-21T20:36:38.644Z", "updated_at": "2021-07-21T21:40:46.721Z"}}, {"model": "mainapp.products", "pk": 10, "fields": {"category": 2, "brands": 7, "name": "\u0421\u043c\u0430\u0440\u0442\u0444\u043e\u043d Honor 10X Lite 4+", "image": "product_images/smart6.jpg", "price": "15990.00", "old_price": "0.00", "screen": "6.00", "sim": 2, "storage": 128, "color": "Icelandic Frost", "quantity": 7, "is_stock": false, "is_active": true, "is_new": false, "created_at": "2021-07-21T20:37:57.251Z", "updated_at": "2021-07-21T21:40:41.267Z"}}, {"model": "mainapp.products", "pk": 11, "fields": {"category": 2, "brands": 1, "name": "\u0421\u043c\u0430\u0440\u0442\u0444\u043e\u043d Huawei P40 Pro", "image": "product_images/smart7.jpg", "price": "65990.00", "old_price": "70990.00", "screen": "6.00", "sim": 2, "storage": 128, "color": "Silver Frost", "quantity": 7, "is_stock": true, "is_active": true, "is_new": false, "created_at": "2021-07-21T20:39:14.779Z", "updated_at": "2021-07-21T21:40:35.286Z"}}, {"model": "mainapp.products", "pk": 12, "fields": {"category": 2, "brands": 1, "name": "\u0421\u043c\u0430\u0440\u0442\u0444\u043e\u043d Honor 9X 4+", "image": "product_images/smart8.jpg", "price": "15000.00", "old_price": "0.00", "screen": "8.00", "sim": 2, "storage": 128, "color": "Sapphire Blue", "quantity": 9, "is_stock": false, "is_active": true, "is_new": true, "created_at": "2021-07-21T20:40:31.838Z", "updated_at": "2021-07-21T21:40:29.140Z"}}, {"model": "mainapp.products", "pk": 13, "fields": {"category": 2, "brands": 5, "name": "\u0421\u043c\u0430\u0440\u0442\u0444\u043e\u043d Apple iPhone SE", "image": "", "price": "39990.00", "old_price": "0.00", "screen": "5.00", "sim": 1, "storage": 64, "color": "Black", "quantity": 10, "is_stock": false, "is_active": true, "is_new": false, "created_at": "2021-07-21T20:41:38.832Z", "updated_at": "2021-07-21T21:40:14.805Z"}}, {"model": "mainapp.news", "pk": 1, "fields": {"title": "\u0411\u0440\u0435\u043d\u0434 BLOODY \u043f\u0440\u0435\u0434\u0441\u0442\u0430\u0432\u0438\u043b \u043c\u044b\u0448\u044c W60 Pro", "subtitle": "\u041f\u043e\u043f\u0443\u043b\u044f\u0440\u043d\u044b\u0439 \u0431\u0440\u0435\u043d\u0434 \u043a\u043e\u043c\u043f\u044c\u044e\u0442\u0435\u0440\u043d\u044b\u0445 \u0430\u043a\u0441\u0435\u0441\u0441\u0443\u0430\u0440\u043e\u0432", "text": "", "image": "news_images/bloody_N3rkNPS.jpg", "is_active": true, "public_date": "2021-07-21T19:00:24Z", "updated_at": "2021-07-21T19:08:41.603Z"}}, {"model": "mainapp.news", "pk": 2, "fields": {"title": "\u041f\u043b\u0430\u0442\u0430 asus", "subtitle": "\u0421\u043e\u0432\u0440\u0435\u043c\u0435\u043d\u043d\u0430\u044f \u043f\u043b\u0430\u0442\u0430, \u0441\u0432\u0435\u0440\u0445 \u0441\u043a\u043e\u0440\u043e\u0441\u0442\u043d\u0430\u044f", "text": "", "image": "news_images/asus_3HV92ev.jpg", "is_active": true, "public_date": "2021-07-21T19:08:41Z", "updated_at": "2021-07-21T19:10:32.367Z"}}, {"model": "mainapp.news", "pk": 3, "fields": {"title": "\u0421\u0438\u0441\u0442\u0435\u043c\u043d\u044b\u0439 \u0431\u043b\u043e\u043a acer", "subtitle": "\u041c\u043e\u0449\u043d\u043e\u0441\u0442\u044c \u0438 \u0441\u0442\u0438\u043b\u044c \u0432 \u043e\u0434\u043d\u043e\u0439 \u0434\u0435\u0442\u0430\u043b\u0438", "text": "", "image": "news_images/acer_ovMz31A.jpg", "is_active": true, "public_date": "2021-07-21T19:10:32Z", "updated_at": "2021-07-21T19:11:19.017Z"}}, {"model": "mainapp.news", "pk": 4, "fields": {"title": "\u041f\u043b\u0430\u043d\u0448\u0435\u0442 samsung", "subtitle": "\u0412\u0435\u043b\u0438\u043a\u043e\u043b\u0435\u043f\u043d\u044b\u0439 \u0438 \u0443\u0434\u043e\u0431\u043d\u044b\u0439 \u043f\u043b\u0430\u043d\u0448\u0435\u0442", "text": "", "image": "news_images/samsung_Pub81CT.jpg", "is_active": true, "public_date": "2021-07-21T19:11:19Z", "updated_at": "2021-07-21T19:12:22.658Z"}}, {"model": "mainapp.news", "pk": 5, "fields": {"title": "\u041d\u043e\u0432\u044b\u0435 \u043d\u0430\u0443\u0448\u043d\u0438\u043a\u0438 Razer", "subtitle": "\u041e\u0449\u0443\u0442\u0438 \u0441\u0435\u0431\u044f \u0432\u043b\u0430\u0434\u0435\u043b\u044c\u0446\u0435\u043c \u043c\u0438\u043d\u0438 \u043e\u0431\u0441\u0435\u0440\u0432\u0430\u0442\u043e\u0440\u0438\u0438", "text": "", "image": "news_images/razer_Vw7cKOc.jpg", "is_active": true, "public_date": "2021-07-21T19:12:22Z", "updated_at": "2021-07-21T19:13:34.405Z"}}, {"model": "mainapp.news", "pk": 6, "fields": {"title": "\u041c\u0443\u043b\u044c\u0442\u0438\u043f\u0435\u043a\u0430\u0440\u044c Redmond \u043f\u043b\u044e\u0441", "subtitle": "\u041a\u0443\u0445\u043d\u0438 \u043d\u0430\u0440\u043e\u0434\u043e\u0432 \u043c\u0438\u0440\u0430 \u0443 \u0442\u0435\u0431\u044f \u0434\u043e\u043c\u0430", "text": "", "image": "news_images/redmond_sOtyhtq.jpg", "is_active": true, "public_date": "2021-07-21T19:13:34Z", "updated_at": "2021-07-21T19:15:23.635Z"}}, {"model": "mainapp.benefits", "pk": 1, "fields": {"title": "\u041f\u0440\u043e\u0441\u0442\u0430\u044f \u0438 \u0443\u0434\u043e\u0431\u043d\u0430\u044f \u0441\u0438\u0441\u0442\u0435\u043c\u0430 \u0437\u0430\u043a\u0430\u0437\u0430 \u0442\u043e\u0432\u0430\u0440\u0430", "desc": "\u041c\u044b \u0437\u043d\u0430\u0435\u043c, \u043a\u0430\u043a \u0432\u0430\u0436\u043d\u0430 \u043f\u0440\u043e\u0441\u0442\u0430\u044f \u0441\u0438\u0441\u0442\u0435\u043c\u0430 \u0440\u0435\u0433\u0438\u0441\u0442\u0440\u0430\u0446\u0438\u0438 \u0438 \u043e\u0444\u043e\u0440\u043c\u043b\u0435\u043d\u0438\u044f \u0437\u0430\u043a\u0430\u0437\u0430, \u043f\u043e\u044d\u0442\u043e\u043c\u0443 \u0434\u0435\u043b\u0430\u0435\u043c \u0432\u0441\u0435 \u0434\u043b\u044f \u0442\u043e\u0433\u043e, \u0447\u0442\u043e\u0431\u044b \u043e\u0444\u043e\u0440\u043c\u0438\u0442\u044c \u0437\u0430\u043a\u0430\u0437 \u0431\u044b\u043b\u043e \u0443\u0434\u043e\u0431\u043d\u043e (\u0438 \u0431\u044b\u0441\u0442\u0440\u043e!)."}}, {"model": "mainapp.benefits", "pk": 2, "fields": {"title": "\u041e\u043f\u043e\u0432\u0435\u0449\u0430\u0435\u043c \u043e \u0441\u043e\u0441\u0442\u043e\u044f\u043d\u0438\u0438 \u0437\u0430\u043a\u0430\u0437\u0430 \u043f\u043e SMS", "desc": "\u0414\u043b\u044f \u0442\u0435\u0445, \u043a\u0442\u043e \u0432\u0441\u0435\u0433\u0434\u0430 \u0445\u043e\u0447\u0435\u0442 \u0431\u044b\u0442\u044c \u0432 \u043a\u0443\u0440\u0441\u0435: \u0432\u044b \u0441\u0430\u043c\u0438 \u043c\u043e\u0436\u0435\u0442\u0435 \u043a\u043e\u043d\u0442\u0440\u043e\u043b\u0438\u0440\u043e\u0432\u0430\u0442\u044c \u0441\u0432\u043e\u0439 \u0437\u0430\u043a\u0430\u0437, \u043f\u043e\u043b\u0443\u0447\u0430\u044f \u0441\u0442\u0430\u0442\u0443\u0441 \u043e \u0435\u0433\u043e \u0444\u043e\u0440\u043c\u0438\u0440\u043e\u0432\u0430\u043d\u0438\u0438 \u043f\u043e\u0441\u0440\u0435\u0434\u0441\u0442\u0432\u043e\u043c sms-\u0441\u043e\u043e\u0431\u0449\u0435\u043d\u0438\u0439."}}, {"model": "mainapp.benefits", "pk": 3, "fields": {"title": "\u041e\u043f\u0435\u0440\u0430\u0442\u0438\u0432\u043d\u0430\u044f \u0434\u043e\u0441\u0442\u0430\u0432\u043a\u0430", "desc": "\u041c\u044b \u043f\u0440\u0438\u0432\u044b\u043a\u043b\u0438 \u0440\u0430\u0431\u043e\u0442\u0430\u0442\u044c \u0441 \u0431\u043e\u043b\u044c\u0448\u0438\u043c\u0438 \u043e\u0431\u044a\u0435\u043c\u0430\u043c\u0438 \u0437\u0430\u043a\u0430\u0437\u043e\u0432, \u043f\u043e\u044d\u0442\u043e\u043c\u0443 \u0432\u0430\u043c \u043d\u0435 \u0441\u0442\u043e\u0438\u0442 \u0431\u0435\u0441\u043f\u043e\u043a\u043e\u0438\u0442\u044c\u0441\u044f \u043e \u0442\u043e\u043c, \u0447\u0442\u043e \u0432\u0430\u0448 \u0437\u0430\u043a\u0430\u0437 \u0431\u0443\u0434\u0435\u0442 \u043e\u0431\u0440\u0430\u0431\u043e\u0442\u0430\u043d \u043d\u0435 \u0432\u043e\u0432\u0440\u0435\u043c\u044f. lorem500"}}, {"model": "mainapp.contacts", "pk": 3, "fields": {"city": "\u041c\u043e\u0441\u043a\u0432\u0430", "phone": "8 (495) 444-888-5", "email": "electro@electro.com", "address": "7-\u044f \u041a\u043e\u0436\u0443\u0445\u043e\u0432\u0441\u043a\u0430\u044f \u0443\u043b., 9 (1 \u044d\u0442\u0430\u0436)", "timetable": "\u041f\u043d-\u041f\u0442 9:00 \u0434\u043e 20:00"}}, {"model": "mainapp.promoslider", "pk": 1, "fields": {"name": "\u041c\u0438\u043a\u0440\u043e\u0432\u043e\u043b\u043d\u043e\u0432\u0430\u044f \u043f\u0435\u0447\u044c HUNDAI", "brand": 1, "sort_desc": "\u0413\u043e\u0442\u043e\u0432\u044c\u0442\u0435 \u0432\u043a\u0443\u0441\u043d\u043e \u0438 \u0431\u044b\u0441\u0442\u0440\u043e", "image": "promo_images/slide-bg_xDGNDAT.jpg", "is_active": true, "public_date": "2021-07-20T21:02:06Z", "updated_at": "2021-07-20T21:16:23.894Z"}}, {"model": "mainapp.promoslider", "pk": 2, "fields": {"name": "\u041c\u0438\u043a\u0440\u043e\u0432\u043e\u043b\u043d\u043e\u0432\u0430\u044f \u043f\u0435\u0447\u044c HUNDAI", "brand": 1, "sort_desc": "\u0413\u043e\u0442\u043e\u0432\u044c\u0442\u0435 \u0432\u043a\u0443\u0441\u043d\u043e \u0438 \u0431\u044b\u0441\u0442\u0440\u043e", "image": "promo_images/slide-bg_AcBZK4k.jpg", "is_active": true, "public_date": "2021-07-20T21:05:39Z", "updated_at": "2021-07-20T21:16:03.105Z"}}, {"model": "auth.permission", "pk": 1, "fields": {"name": "Can add log entry", "content_type": 1, "codename": "add_logentry"}}, {"model": "auth.permission", "pk": 2, "fields": {"name": "Can change log entry", "content_type": 1, "codename": "change_logentry"}}, {"model": "auth.permission", "pk": 3, "fields": {"name": "Can delete log entry", "content_type": 1, "codename": "delete_logentry"}}, {"model": "auth.permission", "pk": 4, "fields": {"name": "Can view log entry", "content_type": 1, "codename": "view_logentry"}}, {"model": "auth.permission", "pk": 5, "fields": {"name": "Can add permission", "content_type": 2, "codename": "add_permission"}}, {"model": "auth.permission", "pk": 6, "fields": {"name": "Can change permission", "content_type": 2, "codename": "change_permission"}}, {"model": "auth.permission", "pk": 7, "fields": {"name": "Can delete permission", "content_type": 2, "codename": "delete_permission"}}, {"model": "auth.permission", "pk": 8, "fields": {"name": "Can view permission", "content_type": 2, "codename": "view_permission"}}, {"model": "auth.permission", "pk": 9, "fields": {"name": "Can add group", "content_type": 3, "codename": "add_group"}}, {"model": "auth.permission", "pk": 10, "fields": {"name": "Can change group", "content_type": 3, "codename": "change_group"}}, {"model": "auth.permission", "pk": 11, "fields": {"name": "Can delete group", "content_type": 3, "codename": "delete_group"}}, {"model": "auth.permission", "pk": 12, "fields": {"name": "Can view group", "content_type": 3, "codename": "view_group"}}, {"model": "auth.permission", "pk": 13, "fields": {"name": "Can add user", "content_type": 4, "codename": "add_user"}}, {"model": "auth.permission", "pk": 14, "fields": {"name": "Can change user", "content_type": 4, "codename": "change_user"}}, {"model": "auth.permission", "pk": 15, "fields": {"name": "Can delete user", "content_type": 4, "codename": "delete_user"}}, {"model": "auth.permission", "pk": 16, "fields": {"name": "Can view user", "content_type": 4, "codename": "view_user"}}, {"model": "auth.permission", "pk": 17, "fields": {"name": "Can add content type", "content_type": 5, "codename": "add_contenttype"}}, {"model": "auth.permission", "pk": 18, "fields": {"name": "Can change content type", "content_type": 5, "codename": "change_contenttype"}}, {"model": "auth.permission", "pk": 19, "fields": {"name": "Can delete content type", "content_type": 5, "codename": "delete_contenttype"}}, {"model": "auth.permission", "pk": 20, "fields": {"name": "Can view content type", "content_type": 5, "codename": "view_contenttype"}}, {"model": "auth.permission", "pk": 21, "fields": {"name": "Can add session", "content_type": 6, "codename": "add_session"}}, {"model": "auth.permission", "pk": 22, "fields": {"name": "Can change session", "content_type": 6, "codename": "change_session"}}, {"model": "auth.permission", "pk": 23, "fields": {"name": "Can delete session", "content_type": 6, "codename": "delete_session"}}, {"model": "auth.permission", "pk": 24, "fields": {"name": "Can view session", "content_type": 6, "codename": "view_session"}}, {"model": "auth.permission", "pk": 25, "fields": {"name": "Can add benefits", "content_type": 7, "codename": "add_benefits"}}, {"model": "auth.permission", "pk": 26, "fields": {"name": "Can change benefits", "content_type": 7, "codename": "change_benefits"}}, {"model": "auth.permission", "pk": 27, "fields": {"name": "Can delete benefits", "content_type": 7, "codename": "delete_benefits"}}, {"model": "auth.permission", "pk": 28, "fields": {"name": "Can view benefits", "content_type": 7, "codename": "view_benefits"}}, {"model": "auth.permission", "pk": 29, "fields": {"name": "Can add brands", "content_type": 8, "codename": "add_brands"}}, {"model": "auth.permission", "pk": 30, "fields": {"name": "Can change brands", "content_type": 8, "codename": "change_brands"}}, {"model": "auth.permission", "pk": 31, "fields": {"name": "Can delete brands", "content_type": 8, "codename": "delete_brands"}}, {"model": "auth.permission", "pk": 32, "fields": {"name": "Can view brands", "content_type": 8, "codename": "view_brands"}}, {"model": "auth.permission", "pk": 33, "fields": {"name": "Can add contacts", "content_type": 9, "codename": "add_contacts"}}, {"model": "auth.permission", "pk": 34, "fields": {"name": "Can change contacts", "content_type": 9, "codename": "change_contacts"}}, {"model": "auth.permission", "pk": 35, "fields": {"name": "Can delete contacts", "content_type": 9, "codename": "delete_contacts"}}, {"model": "auth.permission", "pk": 36, "fields": {"name": "Can view contacts", "content_type": 9, "codename": "view_contacts"}}, {"model": "auth.permission", "pk": 37, "fields": {"name": "Can add news", "content_type": 10, "codename": "add_news"}}, {"model": "auth.permission", "pk": 38, "fields": {"name": "Can change news", "content_type": 10, "codename": "change_news"}}, {"model": "auth.permission", "pk": 39, "fields": {"name": "Can delete news", "content_type": 10, "codename": "delete_news"}}, {"model": "auth.permission", "pk": 40, "fields": {"name": "Can view news", "content_type": 10, "codename": "view_news"}}, {"model": "auth.permission", "pk": 41, "fields": {"name": "Can add products category", "content_type": 11, "codename": "add_productscategory"}}, {"model": "auth.permission", "pk": 42, "fields": {"name": "Can change products category", "content_type": 11, "codename": "change_productscategory"}}, {"model": "auth.permission", "pk": 43, "fields": {"name": "Can delete products category", "content_type": 11, "codename": "delete_productscategory"}}, {"model": "auth.permission", "pk": 44, "fields": {"name": "Can view products category", "content_type": 11, "codename": "view_productscategory"}}, {"model": "auth.permission", "pk": 45, "fields": {"name": "Can add promo slider", "content_type": 12, "codename": "add_promoslider"}}, {"model": "auth.permission", "pk": 46, "fields": {"name": "Can change promo slider", "content_type": 12, "codename": "change_promoslider"}}, {"model": "auth.permission", "pk": 47, "fields": {"name": "Can delete promo slider", "content_type": 12, "codename": "delete_promoslider"}}, {"model": "auth.permission", "pk": 48, "fields": {"name": "Can view promo slider", "content_type": 12, "codename": "view_promoslider"}}, {"model": "auth.permission", "pk": 49, "fields": {"name": "Can add products", "content_type": 13, "codename": "add_products"}}, {"model": "auth.permission", "pk": 50, "fields": {"name": "Can change products", "content_type": 13, "codename": "change_products"}}, {"model": "auth.permission", "pk": 51, "fields": {"name": "Can delete products", "content_type": 13, "codename": "delete_products"}}, {"model": "auth.permission", "pk": 52, "fields": {"name": "Can view products", "content_type": 13, "codename": "view_products"}}, {"model": "auth.user", "pk": 1, "fields": {"password": "pbkdf2_sha256$150000$0aby2fCNSVAA$USMn5gVUnFaqatIroFjhUOX+v9yVMCKFmcC+MC4NKmM=", "last_login": "2021-07-20T20:57:41.583Z", "is_superuser": true, "username": "admin", "first_name": "", "last_name": "", "email": "admin@admin.ru", "is_staff": true, "is_active": true, "date_joined": "2021-07-20T20:45:53.892Z", "groups": [], "user_permissions": []}}, {"model": "admin.logentry", "pk": 1, "fields": {"action_time": "2021-07-20T21:03:23.057Z", "user": 1, "content_type": 8, "object_id": "1", "object_repr": "Brands object (1)", "action_flag": 1, "change_message": "[{\"added\": {}}]"}}, {"model": "admin.logentry", "pk": 2, "fields": {"action_time": "2021-07-20T21:04:38.854Z", "user": 1, "content_type": 12, "object_id": "1", "object_repr": "PromoSlider object (1)", "action_flag": 1, "change_message": "[{\"added\": {}}]"}}, {"model": "admin.logentry", "pk": 3, "fields": {"action_time": "2021-07-20T21:07:35.338Z", "user": 1, "content_type": 12, "object_id": "2", "object_repr": "\u041c\u0438\u043a\u0440\u043e\u0432\u043e\u043b\u043d\u043e\u0432\u0430\u044f \u043f\u0435\u0447\u044c HUNDAI (2021-07-20 21:05:39+00:00)", "action_flag": 1, "change_message": "[{\"added\": {}}]"}}, {"model": "admin.logentry", "pk": 4, "fields": {"action_time": "2021-07-20T21:16:03.115Z", "user": 1, "content_type": 12, "object_id": "2", "object_repr": "\u041c\u0438\u043a\u0440\u043e\u0432\u043e\u043b\u043d\u043e\u0432\u0430\u044f \u043f\u0435\u0447\u044c HUNDAI (2021-07-20 21:05:39+00:00)", "action_flag": 2, "change_message": "[{\"changed\": {\"fields\": [\"image\"]}}]"}}, {"model": "admin.logentry", "pk": 5, "fields": {"action_time": "2021-07-20T21:16:23.898Z", "user": 1, "content_type": 12, "object_id": "1", "object_repr": "\u041c\u0438\u043a\u0440\u043e\u0432\u043e\u043b\u043d\u043e\u0432\u0430\u044f \u043f\u0435\u0447\u044c HUNDAI (2021-07-20 21:02:06+00:00)", "action_flag": 2, "change_message": "[{\"changed\": {\"fields\": [\"image\"]}}]"}}, {"model": "admin.logentry", "pk": 6, "fields": {"action_time": "2021-07-20T22:04:05.690Z", "user": 1, "content_type": 8, "object_id": "1", "object_repr": "HUNDAI", "action_flag": 2, "change_message": "[]"}}, {"model": "admin.logentry", "pk": 7, "fields": {"action_time": "2021-07-20T22:04:14.640Z", "user": 1, "content_type": 8, "object_id": "2", "object_repr": "SAMSUNG", "action_flag": 1, "change_message": "[{\"added\": {}}]"}}, {"model": "admin.logentry", "pk": 8, "fields": {"action_time": "2021-07-20T22:09:38.202Z", "user": 1, "content_type": 8, "object_id": "2", "object_repr": "SAMSUNG", "action_flag": 3, "change_message": ""}}, {"model": "admin.logentry", "pk": 9, "fields": {"action_time": "2021-07-20T22:14:31.745Z", "user": 1, "content_type": 8, "object_id": "2", "object_repr": "SAMSUNG", "action_flag": 2, "change_message": "[]"}}, {"model": "admin.logentry", "pk": 10, "fields": {"action_time": "2021-07-20T22:17:53.634Z", "user": 1, "content_type": 8, "object_id": "3", "object_repr": "ORAL-B", "action_flag": 1, "change_message": "[{\"added\": {}}]"}}, {"model": "admin.logentry", "pk": 11, "fields": {"action_time": "2021-07-20T22:18:06.656Z", "user": 1, "content_type": 8, "object_id": "4", "object_repr": "LG", "action_flag": 1, "change_message": "[{\"added\": {}}]"}}, {"model": "admin.logentry", "pk": 12, "fields": {"action_time": "2021-07-20T22:18:18.660Z", "user": 1, "content_type": 8, "object_id": "5", "object_repr": "APPLE", "action_flag": 1, "change_message": "[{\"added\": {}}]"}}, {"model": "admin.logentry", "pk": 13, "fields": {"action_time": "2021-07-20T22:18:24.031Z", "user": 1, "content_type": 8, "object_id": "6", "object_repr": "APC", "action_flag": 1, "change_message": "[{\"added\": {}}]"}}, {"model": "admin.logentry", "pk": 14, "fields": {"action_time": "2021-07-20T22:18:32.611Z", "user": 1, "content_type": 8, "object_id": "7", "object_repr": "XIAOMI", "action_flag": 1, "change_message": "[{\"added\": {}}]"}}, {"model": "admin.logentry", "pk": 15, "fields": {"action_time": "2021-07-20T22:18:41.011Z", "user": 1, "content_type": 8, "object_id": "8", "object_repr": "LG OLED", "action_flag": 1, "change_message": "[{\"added\": {}}]"}}, {"model": "admin.logentry", "pk": 16, "fields": {"action_time": "2021-07-20T22:18:48.797Z", "user": 1, "content_type": 8, "object_id": "9", "object_repr": "DIGMA", "action_flag": 1, "change_message": "[{\"added\": {}}]"}}, {"model": "admin.logentry", "pk": 17, "fields": {"action_time": "2021-07-21T19:08:41.633Z", "user": 1, "content_type": 10, "object_id": "1", "object_repr": "\u0411\u0440\u0435\u043d\u0434 BLOODY \u043f\u0440\u0435\u0434\u0441\u0442\u0430\u0432\u0438\u043b \u043c\u044b\u0448\u044c W60 Pro", "action_flag": 1, "change_message": "[{\"added\": {}}]"}}, {"model": "admin.logentry", "pk": 18, "fields": {"action_time": "2021-07-21T19:10:32.373Z", "user": 1, "content_type": 10, "object_id": "2", "object_repr": "\u041f\u043b\u0430\u0442\u0430 asus", "action_flag": 1, "change_message": "[{\"added\": {}}]"}}, {"model": "admin.logentry", "pk": 19, "fields": {"action_time": "2021-07-21T19:11:19.021Z", "user": 1, "content_type": 10, "object_id": "3", "object_repr": "\u0421\u0438\u0441\u0442\u0435\u043c\u043d\u044b\u0439 \u0431\u043b\u043e\u043a acer", "action_flag": 1, "change_message": "[{\"added\": {}}]"}}, {"model": "admin.logentry", "pk": 20, "fields": {"action_time": "2021-07-21T19:12:22.663Z", "user": 1, "content_type": 10, "object_id": "4", "object_repr": "\u041f\u043b\u0430\u043d\u0448\u0435\u0442 samsung", "action_flag": 1, "change_message": "[{\"added\": {}}]"}}, {"model": "admin.logentry", "pk": 21, "fields": {"action_time": "2021-07-21T19:13:34.409Z", "user": 1, "content_type": 10, "object_id": "5", "object_repr": "\u041d\u043e\u0432\u044b\u0435 \u043d\u0430\u0443\u0448\u043d\u0438\u043a\u0438 Razer", "action_flag": 1, "change_message": "[{\"added\": {}}]"}}, {"model": "admin.logentry", "pk": 22, "fields": {"action_time": "2021-07-21T19:15:23.639Z", "user": 1, "content_type": 10, "object_id": "6", "object_repr": "\u041c\u0443\u043b\u044c\u0442\u0438\u043f\u0435\u043a\u0430\u0440\u044c Redmond \u043f\u043b\u044e\u0441", "action_flag": 1, "change_message": "[{\"added\": {}}]"}}, {"model": "admin.logentry", "pk": 23, "fields": {"action_time": "2021-07-21T19:45:02.034Z", "user": 1, "content_type": 7, "object_id": "1", "object_repr": "Benefits object (1)", "action_flag": 1, "change_message": "[{\"added\": {}}]"}}, {"model": "admin.logentry", "pk": 24, "fields": {"action_time": "2021-07-21T19:45:27.130Z", "user": 1, "content_type": 7, "object_id": "2", "object_repr": "Benefits object (2)", "action_flag": 1, "change_message": "[{\"added\": {}}]"}}, {"model": "admin.logentry", "pk": 25, "fields": {"action_time": "2021-07-21T19:45:53.332Z", "user": 1, "content_type": 7, "object_id": "3", "object_repr": "Benefits object (3)", "action_flag": 1, "change_message": "[{\"added\": {}}]"}}, {"model": "admin.logentry", "pk": 26, "fields": {"action_time": "2021-07-21T20:01:25.552Z", "user": 1, "content_type": 9, "object_id": "3", "object_repr": "\u041c\u043e\u0441\u043a\u0432\u0430", "action_flag": 1, "change_message": "[{\"added\": {}}]"}}, {"model": "admin.logentry", "pk": 27, "fields": {"action_time": "2021-07-21T20:09:49.392Z", "user": 1, "content_type": 11, "object_id": "1", "object_repr": "\u0421\u043a\u0438\u0434\u043a\u0438", "action_flag": 1, "change_message": "[{\"added\": {}}]"}}, {"model": "admin.logentry", "pk": 28, "fields": {"action_time": "2021-07-21T20:10:05.214Z", "user": 1, "content_type": 11, "object_id": "2", "object_repr": "\u0421\u043c\u0430\u0440\u0442\u0444\u043e\u043d\u044b", "action_flag": 1, "change_message": "[{\"added\": {}}]"}}, {"model": "admin.logentry", "pk": 29, "fields": {"action_time": "2021-07-21T20:10:19.145Z", "user": 1, "content_type": 11, "object_id": "3", "object_repr": "\u0422\u0435\u043b\u0435\u0432\u0438\u0437\u043e\u0440\u044b", "action_flag": 1, "change_message": "[{\"added\": {}}]"}}, {"model": "admin.logentry", "pk": 30, "fields": {"action_time": "2021-07-21T20:10:34.280Z", "user": 1, "content_type": 11, "object_id": "4", "object_repr": "\u041d\u043e\u0443\u0442\u0431\u0443\u043a\u0438", "action_flag": 1, "change_message": "[{\"added\": {}}]"}}, {"model": "admin.logentry", "pk": 31, "fields": {"action_time": "2021-07-21T20:10:49.205Z", "user": 1, "content_type": 11, "object_id": "5", "object_repr": "\u0421\u0442\u0438\u0440\u0430\u043b\u044c\u043d\u044b\u0435 \u043c\u0430\u0448\u0438\u043d\u044b", "action_flag": 1, "change_message": "[{\"added\": {}}]"}}, {"model": "admin.logentry", "pk": 32, "fields": {"action_time": "2021-07-21T20:11:01.095Z", "user": 1, "content_type": 11, "object_id": "6", "object_repr": "\u0425\u043e\u043b\u043e\u0434\u0438\u043b\u044c\u043d\u0438\u043a\u0438", "action_flag": 1, "change_message": "[{\"added\": {}}]"}}, {"model": "admin.logentry", "pk": 33, "fields": {"action_time": "2021-07-21T20:11:11.282Z", "user": 1, "content_type": 11, "object_id": "7", "object_repr": "\u041f\u044b\u043b\u0435\u0441\u043e\u0441\u044b", "action_flag": 1, "change_message": "[{\"added\": {}}]"}}, {"model": "admin.logentry", "pk": 34, "fields": {"action_time": "2021-07-21T20:11:20.653Z", "user": 1, "content_type": 11, "object_id": "8", "object_repr": "\u041c\u0438\u043a\u0440\u043e\u0432\u043e\u043b\u043d\u043e\u0432\u043a\u0438", "action_flag": 1, "change_message": "[{\"added\": {}}]"}}, {"model": "admin.logentry", "pk": 35, "fields": {"action_time": "2021-07-21T20:15:46.556Z", "user": 1, "content_type": 13, "object_id": "1", "object_repr": "\u041c\u0443\u043b\u044c\u0442\u0438\u0432\u0430\u0440\u043a\u0430 Redmond 0 ", "action_flag": 1, "change_message": "[{\"added\": {}}]"}}, {"model": "admin.logentry", "pk": 36, "fields": {"action_time": "2021-07-21T20:17:40.519Z", "user": 1, "content_type": 13, "object_id": "2", "object_repr": "\u0421\u043c\u0430\u0440\u0442\u0444\u043e\u043d Huawei Mate 40 Pro Mystic 0 Silver", "action_flag": 1, "change_message": "[{\"added\": {}}]"}}, {"model": "admin.logentry", "pk": 37, "fields": {"action_time": "2021-07-21T20:18:58.352Z", "user": 1, "content_type": 13, "object_id": "3", "object_repr": "\u042d\u043b\u0435\u043a\u0442\u0440\u043e\u0447\u0430\u0439\u043d\u0438\u043a Moulinex 0 ", "action_flag": 1, "change_message": "[{\"added\": {}}]"}}, {"model": "admin.logentry", "pk": 38, "fields": {"action_time": "2021-07-21T20:20:13.719Z", "user": 1, "content_type": 13, "object_id": "4", "object_repr": "\u041f\u044b\u043b\u0435\u0441\u043e\u0441 \u0441 \u043a\u043e\u043d\u0442\u0435\u0439\u043d\u0435\u0440\u043e\u043c \u0434\u043b\u044f \u043f\u044b\u043b\u0438 Tefal City Space 0 ", "action_flag": 1, "change_message": "[{\"added\": {}}]"}}, {"model": "admin.logentry", "pk": 39, "fields": {"action_time": "2021-07-21T20:20:47.203Z", "user": 1, "content_type": 13, "object_id": "2", "object_repr": "\u0421\u043c\u0430\u0440\u0442\u0444\u043e\u043d Huawei Mate 40 Pro Mystic 0 Silver", "action_flag": 2, "change_message": "[{\"changed\": {\"fields\": [\"is_stock\"]}}]"}}, {"model": "admin.logentry", "pk": 40, "fields": {"action_time": "2021-07-21T20:20:53.893Z", "user": 1, "content_type": 13, "object_id": "1", "object_repr": "\u041c\u0443\u043b\u044c\u0442\u0438\u0432\u0430\u0440\u043a\u0430 Redmond 0 ", "action_flag": 2, "change_message": "[{\"changed\": {\"fields\": [\"is_stock\"]}}]"}}, {"model": "admin.logentry", "pk": 41, "fields": {"action_time": "2021-07-21T20:20:58.625Z", "user": 1, "content_type": 13, "object_id": "4", "object_repr": "\u041f\u044b\u043b\u0435\u0441\u043e\u0441 \u0441 \u043a\u043e\u043d\u0442\u0435\u0439\u043d\u0435\u0440\u043e\u043c \u0434\u043b\u044f \u043f\u044b\u043b\u0438 Tefal City Space 0 ", "action_flag": 2, "change_message": "[]"}}, {"model": "admin.logentry", "pk": 42, "fields": {"action_time": "2021-07-21T20:23:59.979Z", "user": 1, "content_type": 13, "object_id": "5", "object_repr": "\u0421\u043c\u0430\u0440\u0442\u0444\u043e\u043d Samsung Galaxy S21 128 Phantom Violet", "action_flag": 1, "change_message": "[{\"added\": {}}]"}}, {"model": "admin.logentry", "pk": 43, "fields": {"action_time": "2021-07-21T20:25:57.412Z", "user": 1, "content_type": 13, "object_id": "6", "object_repr": "\u0421\u043c\u0430\u0440\u0442\u0444\u043e\u043d Apple iPhone 11 128GB White 128 White", "action_flag": 1, "change_message": "[{\"added\": {}}]"}}, {"model": "admin.logentry", "pk": 44, "fields": {"action_time": "2021-07-21T20:26:03.308Z", "user": 1, "content_type": 13, "object_id": "6", "object_repr": "\u0421\u043c\u0430\u0440\u0442\u0444\u043e\u043d Apple iPhone 11 128GB White 128 White", "action_flag": 2, "change_message": "[{\"changed\": {\"fields\": [\"is_stock\"]}}]"}}, {"model": "admin.logentry", "pk": 45, "fields": {"action_time": "2021-07-21T20:29:23.895Z", "user": 1, "content_type": 13, "object_id": "7", "object_repr": "\u0421\u043c\u0430\u0440\u0442\u0444\u043e\u043d Samsung Galaxy A52 128GB 128 Awesome Black", "action_flag": 1, "change_message": "[{\"added\": {}}]"}}, {"model": "admin.logentry", "pk": 46, "fields": {"action_time": "2021-07-21T20:35:26.582Z", "user": 1, "content_type": 13, "object_id": "8", "object_repr": "\u0421\u043c\u0430\u0440\u0442\u0444\u043e\u043d Samsung Galaxy S21 128 Phantom Gray", "action_flag": 1, "change_message": "[{\"added\": {}}]"}}, {"model": "admin.logentry", "pk": 47, "fields": {"action_time": "2021-07-21T20:36:38.648Z", "user": 1, "content_type": 13, "object_id": "9", "object_repr": "\u0421\u043c\u0430\u0440\u0442\u0444\u043e\u043d Huawei Mate 40 Pro (NOH-NX9) 64 Mystic Silver", "action_flag": 1, "change_message": "[{\"added\": {}}]"}}, {"model": "admin.logentry", "pk": 48, "fields": {"action_time": "2021-07-21T20:37:57.256Z", "user": 1, "content_type": 13, "object_id": "10", "object_repr": "\u0421\u043c\u0430\u0440\u0442\u0444\u043e\u043d Honor 10X Lite 4+ 128 Icelandic Frost", "action_flag": 1, "change_message": "[{\"added\": {}}]"}}, {"model": "admin.logentry", "pk": 49, "fields": {"action_time": "2021-07-21T20:39:14.784Z", "user": 1, "content_type": 13, "object_id": "11", "object_repr": "\u0421\u043c\u0430\u0440\u0442\u0444\u043e\u043d Huawei P40 Pro 128 Silver Frost", "action_flag": 1, "change_message": "[{\"added\": {}}]"}}, {"model": "admin.logentry", "pk": 50, "fields": {"action_time": "2021-07-21T20:40:31.842Z", "user": 1, "content_type": 13, "object_id": "12", "object_repr": "\u0421\u043c\u0430\u0440\u0442\u0444\u043e\u043d Honor 9X 4+ 128 Sapphire Blue", "action_flag": 1, "change_message": "[{\"added\": {}}]"}}, {"model": "admin.logentry", "pk": 51, "fields": {"action_time": "2021-07-21T20:41:38.836Z", "user": 1, "content_type": 13, "object_id": "13", "object_repr": "\u0421\u043c\u0430\u0440\u0442\u0444\u043e\u043d Apple iPhone SE 64 Black", "action_flag": 1, "change_message": "[{\"added\": {}}]"}}, {"model": "admin.logentry", "pk": 52, "fields": {"action_time": "2021-07-21T21:39:58.935Z", "user": 1, "content_type": 13, "object_id": "2", "object_repr": "\u0421\u043c\u0430\u0440\u0442\u0444\u043e\u043d Huawei Mate 40 Pro Mystic 0 Silver", "action_flag": 2, "change_message": "[{\"changed\": {\"fields\": [\"is_new\"]}}]"}}, {"model": "admin.logentry", "pk": 53, "fields": {"action_time": "2021-07-21T21:40:14.810Z", "user": 1, "content_type": 13, "object_id": "13", "object_repr": "\u0421\u043c\u0430\u0440\u0442\u0444\u043e\u043d Apple iPhone SE 64 Black", "action_flag": 2, "change_message": "[{\"changed\": {\"fields\": [\"is_new\"]}}]"}}, {"model": "admin.logentry", "pk": 54, "fields": {"action_time": "2021-07-21T21:40:29.143Z", "user": 1, "content_type": 13, "object_id": "12", "object_repr": "\u0421\u043c\u0430\u0440\u0442\u0444\u043e\u043d Honor 9X 4+ 128 Sapphire Blue", "action_flag": 2, "change_message": "[]"}}, {"model": "admin.logentry", "pk": 55, "fields": {"action_time": "2021-07-21T21:40:35.290Z", "user": 1, "content_type": 13, "object_id": "11", "object_repr": "\u0421\u043c\u0430\u0440\u0442\u0444\u043e\u043d Huawei P40 Pro 128 Silver Frost", "action_flag": 2, "change_message": "[{\"changed\": {\"fields\": [\"is_new\"]}}]"}}, {"model": "admin.logentry", "pk": 56, "fields": {"action_time": "2021-07-21T21:40:41.270Z", "user": 1, "content_type": 13, "object_id": "10", "object_repr": "\u0421\u043c\u0430\u0440\u0442\u0444\u043e\u043d Honor 10X Lite 4+ 128 Icelandic Frost", "action_flag": 2, "change_message": "[{\"changed\": {\"fields\": [\"is_new\"]}}]"}}, {"model": "admin.logentry", "pk": 57, "fields": {"action_time": "2021-07-21T21:40:46.729Z", "user": 1, "content_type": 13, "object_id": "9", "object_repr": "\u0421\u043c\u0430\u0440\u0442\u0444\u043e\u043d Huawei Mate 40 Pro (NOH-NX9) 64 Mystic Silver", "action_flag": 2, "change_message": "[{\"changed\": {\"fields\": [\"is_new\"]}}]"}}, {"model": "admin.logentry", "pk": 58, "fields": {"action_time": "2021-07-21T21:40:51.965Z", "user": 1, "content_type": 13, "object_id": "8", "object_repr": "\u0421\u043c\u0430\u0440\u0442\u0444\u043e\u043d Samsung Galaxy S21 128 Phantom Gray", "action_flag": 2, "change_message": "[{\"changed\": {\"fields\": [\"is_new\"]}}]"}}, {"model": "admin.logentry", "pk": 59, "fields": {"action_time": "2021-07-21T21:41:01.568Z", "user": 1, "content_type": 13, "object_id": "7", "object_repr": "\u0421\u043c\u0430\u0440\u0442\u0444\u043e\u043d Samsung Galaxy A52 128GB 128 Awesome Black", "action_flag": 2, "change_message": "[{\"changed\": {\"fields\": [\"is_new\"]}}]"}}, {"model": "admin.logentry", "pk": 60, "fields": {"action_time": "2021-07-21T21:41:10.694Z", "user": 1, "content_type": 13, "object_id": "6", "object_repr": "\u0421\u043c\u0430\u0440\u0442\u0444\u043e\u043d Apple iPhone 11 128GB White 128 White", "action_flag": 2, "change_message": "[{\"changed\": {\"fields\": [\"is_new\"]}}]"}}, {"model": "admin.logentry", "pk": 61, "fields": {"action_time": "2021-07-21T21:41:24.650Z", "user": 1, "content_type": 13, "object_id": "5", "object_repr": "\u0421\u043c\u0430\u0440\u0442\u0444\u043e\u043d Samsung Galaxy S21 128 Phantom Violet", "action_flag": 2, "change_message": "[{\"changed\": {\"fields\": [\"is_new\"]}}]"}}, {"model": "admin.logentry", "pk": 62, "fields": {"action_time": "2021-07-21T21:41:30.950Z", "user": 1, "content_type": 13, "object_id": "2", "object_repr": "\u0421\u043c\u0430\u0440\u0442\u0444\u043e\u043d Huawei Mate 40 Pro Mystic 0 Silver", "action_flag": 2, "change_message": "[{\"changed\": {\"fields\": [\"is_new\"]}}]"}}]